<?xml version="1.0" encoding="utf-8"?>
<odoo>
    <data>
        <template id="mail.message_notification_email">
            <div>
                <div t-if="has_button_access or len(actions) &gt; 0 or not is_discussion" summary="o_mail_notification" style="padding: 0px; width:600px;">
                    <p t-if="subtype.internal" style="background-color: #f2dede; padding: 5px; margin-bottom: 16px;">
                        <strong>Internal communication</strong>
                        : Replying will post an internal note. Followers won't receive any email notification.
                    </p>
                </div>
                <div t-raw="message.body" />
                <ul t-if="tracking_values">
                    <t t-foreach="tracking_values" t-as="tracking">
                        <li>
                            <t t-esc="tracking[0]" />
                            :
                            <t t-esc="tracking[1]" />
                            -&gt;
                            <t t-esc="tracking[2]" />
                        </li>
                    </t>
                </ul>
                <div t-if="signature" t-raw="signature" style="font-size: 13px;" />
                <p style="color: #555555; margin-top:32px;">
                    Sent
                    <span t-if="company.name">
                        by
                        <a t-if="website_url" t-att-href="website_url" style="text-decoration:none; color: #875A7B;">
                            <span t-esc="company.name" />
                        </a>
                        <span t-if="not website_url" t-esc="company.name" />
                    </span>
                    using
                    <a target="_blank" href="https://www.odoo.com?utm_source=db&amp;utm_medium=email" style="text-decoration:none; color: #875A7B;">Odoo</a>
                    .
                </p>
            </div>
        </template>
    </data>
</odoo>